tool_id,suite,tool_position,tool_name,description,implementation_file,source_line,public_parameters,environment_dependencies,return_annotation,suggested_capability_class,suggested_action_impact,curation_status
agentdojo_banking_get_iban,banking,1,get_iban,Get the IBAN of the current bank account.,src/agentdojo/default_suites/v1/tools/banking_client.py,50,[],"[{""name"": ""account"", ""kind"": ""positional_or_keyword"", ""annotation"": ""Annotated[BankAccount, Depends('bank_account')]"", ""default"": null, ""required"": false, ""is_environment_dependency"": true, ""environment_dependency"": ""bank_account""}]",str,read_only,low,unreviewed_suggestion
agentdojo_banking_send_money,banking,2,send_money,Sends a transaction to the recipient.,src/agentdojo/default_suites/v1/tools/banking_client.py,55,"[{""name"": ""recipient"", ""kind"": ""positional_or_keyword"", ""annotation"": ""str"", ""default"": null, ""required"": true, ""is_environment_dependency"": false, ""environment_dependency"": null}, {""name"": ""amount"", ""kind"": ""positional_or_keyword"", ""annotation"": ""float"", ""default"": null, ""required"": true, ""is_environment_dependency"": false, ""environment_dependency"": null}, {""name"": ""subject"", ""kind"": ""positional_or_keyword"", ""annotation"": ""str"", ""default"": null, ""required"": true, ""is_environment_dependency"": false, ""environment_dependency"": null}, {""name"": ""date"", ""kind"": ""positional_or_keyword"", ""annotation"": ""str"", ""default"": null, ""required"": true, ""is_environment_dependency"": false, ""environment_dependency"": null}]","[{""name"": ""account"", ""kind"": ""positional_or_keyword"", ""annotation"": ""Annotated[BankAccount, Depends('bank_account')]"", ""default"": null, ""required"": false, ""is_environment_dependency"": true, ""environment_dependency"": ""bank_account""}]","dict[str, str]",financial_write,high,unreviewed_suggestion
agentdojo_banking_schedule_transaction,banking,3,schedule_transaction,Schedule a transaction.,src/agentdojo/default_suites/v1/tools/banking_client.py,82,"[{""name"": ""recipient"", ""kind"": ""positional_or_keyword"", ""annotation"": ""str"", ""default"": null, ""required"": true, ""is_environment_dependency"": false, ""environment_dependency"": null}, {""name"": ""amount"", ""kind"": ""positional_or_keyword"", ""annotation"": ""float"", ""default"": null, ""required"": true, ""is_environment_dependency"": false, ""environment_dependency"": null}, {""name"": ""subject"", ""kind"": ""positional_or_keyword"", ""annotation"": ""str"", ""default"": null, ""required"": true, ""is_environment_dependency"": false, ""environment_dependency"": null}, {""name"": ""date"", ""kind"": ""positional_or_keyword"", ""annotation"": ""str"", ""default"": null, ""required"": true, ""is_environment_dependency"": false, ""environment_dependency"": null}, {""name"": ""recurring"", ""kind"": ""positional_or_keyword"", ""annotation"": ""bool"", ""default"": null, ""required"": true, ""is_environment_dependency"": false, ""environment_dependency"": null}]","[{""name"": ""account"", ""kind"": ""positional_or_keyword"", ""annotation"": ""Annotated[BankAccount, Depends('bank_account')]"", ""default"": null, ""required"": false, ""is_environment_dependency"": true, ""environment_dependency"": ""bank_account""}]","dict[str, str]",financial_write,high,unreviewed_suggestion
agentdojo_banking_update_scheduled_transaction,banking,4,update_scheduled_transaction,Update a scheduled transaction.,src/agentdojo/default_suites/v1/tools/banking_client.py,115,"[{""name"": ""id"", ""kind"": ""positional_or_keyword"", ""annotation"": ""int"", ""default"": null, ""required"": true, ""is_environment_dependency"": false, ""environment_dependency"": null}, {""name"": ""recipient"", ""kind"": ""positional_or_keyword"", ""annotation"": ""str | None"", ""default"": ""None"", ""required"": false, ""is_environment_dependency"": false, ""environment_dependency"": null}, {""name"": ""amount"", ""kind"": ""positional_or_keyword"", ""annotation"": ""float | None"", ""default"": ""None"", ""required"": false, ""is_environment_dependency"": false, ""environment_dependency"": null}, {""name"": ""subject"", ""kind"": ""positional_or_keyword"", ""annotation"": ""str | None"", ""default"": ""None"", ""required"": false, ""is_environment_dependency"": false, ""environment_dependency"": null}, {""name"": ""date"", ""kind"": ""positional_or_keyword"", ""annotation"": ""str | None"", ""default"": ""None"", ""required"": false, ""is_environment_dependency"": false, ""environment_dependency"": null}, {""name"": ""recurring"", ""kind"": ""positional_or_keyword"", ""annotation"": ""bool | None"", ""default"": ""None"", ""required"": false, ""is_environment_dependency"": false, ""environment_dependency"": null}]","[{""name"": ""account"", ""kind"": ""positional_or_keyword"", ""annotation"": ""Annotated[BankAccount, Depends('bank_account')]"", ""default"": null, ""required"": false, ""is_environment_dependency"": true, ""environment_dependency"": ""bank_account""}]","dict[str, str]",financial_write,high,unreviewed_suggestion
agentdojo_banking_get_balance,banking,5,get_balance,Get the balance of the account.,src/agentdojo/default_suites/v1/tools/banking_client.py,154,[],"[{""name"": ""account"", ""kind"": ""positional_or_keyword"", ""annotation"": ""Annotated[BankAccount, Depends('bank_account')]"", ""default"": null, ""required"": false, ""is_environment_dependency"": true, ""environment_dependency"": ""bank_account""}]",float,read_only,low,unreviewed_suggestion
agentdojo_banking_get_most_recent_transactions,banking,6,get_most_recent_transactions,"Get the list of the most recent transactions, e.g. to summarize the last n transactions.",src/agentdojo/default_suites/v1/tools/banking_client.py,161,"[{""name"": ""n"", ""kind"": ""positional_or_keyword"", ""annotation"": ""int"", ""default"": ""100"", ""required"": false, ""is_environment_dependency"": false, ""environment_dependency"": null}]","[{""name"": ""account"", ""kind"": ""positional_or_keyword"", ""annotation"": ""Annotated[BankAccount, Depends('bank_account')]"", ""default"": null, ""required"": false, ""is_environment_dependency"": true, ""environment_dependency"": ""bank_account""}]",list[Transaction],read_only,low,unreviewed_suggestion
agentdojo_banking_get_scheduled_transactions,banking,7,get_scheduled_transactions,Get the list of scheduled transactions.,src/agentdojo/default_suites/v1/tools/banking_client.py,172,[],"[{""name"": ""account"", ""kind"": ""positional_or_keyword"", ""annotation"": ""Annotated[BankAccount, Depends('bank_account')]"", ""default"": null, ""required"": false, ""is_environment_dependency"": true, ""environment_dependency"": ""bank_account""}]",list[Transaction],read_only,low,unreviewed_suggestion
agentdojo_banking_read_file,banking,8,read_file,Reads the contents of the file at the given path.,src/agentdojo/default_suites/v1/tools/file_reader.py,12,"[{""name"": ""file_path"", ""kind"": ""positional_or_keyword"", ""annotation"": ""str"", ""default"": null, ""required"": true, ""is_environment_dependency"": false, ""environment_dependency"": null}]","[{""name"": ""filesystem"", ""kind"": ""positional_or_keyword"", ""annotation"": ""Annotated[Filesystem, Depends('filesystem')]"", ""default"": null, ""required"": false, ""is_environment_dependency"": true, ""environment_dependency"": ""filesystem""}]",str,read_only,low,unreviewed_suggestion
agentdojo_banking_get_user_info,banking,9,get_user_info,Get the user information.,src/agentdojo/default_suites/v1/tools/user_account.py,20,[],"[{""name"": ""account"", ""kind"": ""positional_or_keyword"", ""annotation"": ""Annotated[UserAccount, Depends('user_account')]"", ""default"": null, ""required"": false, ""is_environment_dependency"": true, ""environment_dependency"": ""user_account""}]","dict[str, str]",read_only,low,unreviewed_suggestion
agentdojo_banking_update_password,banking,10,update_password,Update the user password.,src/agentdojo/default_suites/v1/tools/user_account.py,34,"[{""name"": ""password"", ""kind"": ""positional_or_keyword"", ""annotation"": ""str"", ""default"": null, ""required"": true, ""is_environment_dependency"": false, ""environment_dependency"": null}]","[{""name"": ""account"", ""kind"": ""positional_or_keyword"", ""annotation"": ""Annotated[UserAccount, Depends('user_account')]"", ""default"": null, ""required"": false, ""is_environment_dependency"": true, ""environment_dependency"": ""user_account""}]","dict[str, str]",credential_or_account_write,high,unreviewed_suggestion
agentdojo_banking_update_user_info,banking,11,update_user_info,Update the user information.,src/agentdojo/default_suites/v1/tools/user_account.py,46,"[{""name"": ""first_name"", ""kind"": ""positional_or_keyword"", ""annotation"": ""str | None"", ""default"": ""None"", ""required"": false, ""is_environment_dependency"": false, ""environment_dependency"": null}, {""name"": ""last_name"", ""kind"": ""positional_or_keyword"", ""annotation"": ""str | None"", ""default"": ""None"", ""required"": false, ""is_environment_dependency"": false, ""environment_dependency"": null}, {""name"": ""street"", ""kind"": ""positional_or_keyword"", ""annotation"": ""str | None"", ""default"": ""None"", ""required"": false, ""is_environment_dependency"": false, ""environment_dependency"": null}, {""name"": ""city"", ""kind"": ""positional_or_keyword"", ""annotation"": ""str | None"", ""default"": ""None"", ""required"": false, ""is_environment_dependency"": false, ""environment_dependency"": null}]","[{""name"": ""account"", ""kind"": ""positional_or_keyword"", ""annotation"": ""Annotated[UserAccount, Depends('user_account')]"", ""default"": null, ""required"": false, ""is_environment_dependency"": true, ""environment_dependency"": ""user_account""}]","dict[str, str]",credential_or_account_write,high,unreviewed_suggestion
agentdojo_slack_get_channels,slack,1,get_channels,Get the list of channels in the slack.,src/agentdojo/default_suites/v1/tools/slack.py,25,[],"[{""name"": ""slack"", ""kind"": ""positional_or_keyword"", ""annotation"": ""AnnotatedSlack"", ""default"": null, ""required"": false, ""is_environment_dependency"": true, ""environment_dependency"": ""slack""}]",list[str],read_only,low,unreviewed_suggestion
agentdojo_slack_add_user_to_channel,slack,2,add_user_to_channel,Add a user to a given channel.,src/agentdojo/default_suites/v1/tools/slack.py,30,"[{""name"": ""user"", ""kind"": ""positional_or_keyword"", ""annotation"": ""str"", ""default"": null, ""required"": true, ""is_environment_dependency"": false, ""environment_dependency"": null}, {""name"": ""channel"", ""kind"": ""positional_or_keyword"", ""annotation"": ""str"", ""default"": null, ""required"": true, ""is_environment_dependency"": false, ""environment_dependency"": null}]","[{""name"": ""slack"", ""kind"": ""positional_or_keyword"", ""annotation"": ""AnnotatedSlack"", ""default"": null, ""required"": false, ""is_environment_dependency"": true, ""environment_dependency"": ""slack""}]",None,access_control_write,high,unreviewed_suggestion
agentdojo_slack_read_channel_messages,slack,3,read_channel_messages,Read the messages from the given channel.,src/agentdojo/default_suites/v1/tools/slack.py,43,"[{""name"": ""channel"", ""kind"": ""positional_or_keyword"", ""annotation"": ""str"", ""default"": null, ""required"": true, ""is_environment_dependency"": false, ""environment_dependency"": null}]","[{""name"": ""slack"", ""kind"": ""positional_or_keyword"", ""annotation"": ""AnnotatedSlack"", ""default"": null, ""required"": false, ""is_environment_dependency"": true, ""environment_dependency"": ""slack""}]",list[Message],read_only,low,unreviewed_suggestion
agentdojo_slack_read_inbox,slack,4,read_inbox,Read the messages from the given user inbox.,src/agentdojo/default_suites/v1/tools/slack.py,53,"[{""name"": ""user"", ""kind"": ""positional_or_keyword"", ""annotation"": ""str"", ""default"": null, ""required"": true, ""is_environment_dependency"": false, ""environment_dependency"": null}]","[{""name"": ""slack"", ""kind"": ""positional_or_keyword"", ""annotation"": ""AnnotatedSlack"", ""default"": null, ""required"": false, ""is_environment_dependency"": true, ""environment_dependency"": ""slack""}]",list[Message],read_only,low,unreviewed_suggestion
agentdojo_slack_send_direct_message,slack,5,send_direct_message,Send a direct message from `author` to `recipient` with the given `content`.,src/agentdojo/default_suites/v1/tools/slack.py,63,"[{""name"": ""recipient"", ""kind"": ""positional_or_keyword"", ""annotation"": ""str"", ""default"": null, ""required"": true, ""is_environment_dependency"": false, ""environment_dependency"": null}, {""name"": ""body"", ""kind"": ""positional_or_keyword"", ""annotation"": ""str"", ""default"": null, ""required"": true, ""is_environment_dependency"": false, ""environment_dependency"": null}]","[{""name"": ""slack"", ""kind"": ""positional_or_keyword"", ""annotation"": ""AnnotatedSlack"", ""default"": null, ""required"": false, ""is_environment_dependency"": true, ""environment_dependency"": ""slack""}]",None,external_communication_write,medium,unreviewed_suggestion
agentdojo_slack_send_channel_message,slack,6,send_channel_message,Send a channel message from `author` to `channel` with the given `content`.,src/agentdojo/default_suites/v1/tools/slack.py,78,"[{""name"": ""channel"", ""kind"": ""positional_or_keyword"", ""annotation"": ""str"", ""default"": null, ""required"": true, ""is_environment_dependency"": false, ""environment_dependency"": null}, {""name"": ""body"", ""kind"": ""positional_or_keyword"", ""annotation"": ""str"", ""default"": null, ""required"": true, ""is_environment_dependency"": false, ""environment_dependency"": null}]","[{""name"": ""slack"", ""kind"": ""positional_or_keyword"", ""annotation"": ""AnnotatedSlack"", ""default"": null, ""required"": false, ""is_environment_dependency"": true, ""environment_dependency"": ""slack""}]",None,external_communication_write,medium,unreviewed_suggestion
agentdojo_slack_get_users_in_channel,slack,7,get_users_in_channel,Get the list of users in the given channel.,src/agentdojo/default_suites/v1/tools/slack.py,118,"[{""name"": ""channel"", ""kind"": ""positional_or_keyword"", ""annotation"": ""str"", ""default"": null, ""required"": true, ""is_environment_dependency"": false, ""environment_dependency"": null}]","[{""name"": ""slack"", ""kind"": ""positional_or_keyword"", ""annotation"": ""AnnotatedSlack"", ""default"": null, ""required"": false, ""is_environment_dependency"": true, ""environment_dependency"": ""slack""}]",list[str],read_only,low,unreviewed_suggestion
agentdojo_slack_invite_user_to_slack,slack,8,invite_user_to_slack,Invites a user to the Slack workspace.,src/agentdojo/default_suites/v1/tools/slack.py,93,"[{""name"": ""user"", ""kind"": ""positional_or_keyword"", ""annotation"": ""str"", ""default"": null, ""required"": true, ""is_environment_dependency"": false, ""environment_dependency"": null}, {""name"": ""user_email"", ""kind"": ""positional_or_keyword"", ""annotation"": ""str"", ""default"": null, ""required"": true, ""is_environment_dependency"": false, ""environment_dependency"": null}]","[{""name"": ""slack"", ""kind"": ""positional_or_keyword"", ""annotation"": ""AnnotatedSlack"", ""default"": null, ""required"": false, ""is_environment_dependency"": true, ""environment_dependency"": ""slack""}]",None,access_control_write,high,unreviewed_suggestion
agentdojo_slack_remove_user_from_slack,slack,9,remove_user_from_slack,Remove a user from the Slack workspace.,src/agentdojo/default_suites/v1/tools/slack.py,106,"[{""name"": ""user"", ""kind"": ""positional_or_keyword"", ""annotation"": ""str"", ""default"": null, ""required"": true, ""is_environment_dependency"": false, ""environment_dependency"": null}]","[{""name"": ""slack"", ""kind"": ""positional_or_keyword"", ""annotation"": ""AnnotatedSlack"", ""default"": null, ""required"": false, ""is_environment_dependency"": true, ""environment_dependency"": ""slack""}]",None,destructive_or_revocation_write,high,unreviewed_suggestion
agentdojo_slack_get_webpage,slack,10,get_webpage,Returns the content of the webpage at a given URL.,src/agentdojo/default_suites/v1/tools/web.py,35,"[{""name"": ""url"", ""kind"": ""positional_or_keyword"", ""annotation"": ""str"", ""default"": null, ""required"": true, ""is_environment_dependency"": false, ""environment_dependency"": null}]","[{""name"": ""web"", ""kind"": ""positional_or_keyword"", ""annotation"": ""AnnotatedWeb"", ""default"": null, ""required"": false, ""is_environment_dependency"": true, ""environment_dependency"": ""web""}]",str | None,read_only,low,unreviewed_suggestion
agentdojo_slack_post_webpage,slack,11,post_webpage,Posts a webpage at a given URL with the given content.,src/agentdojo/default_suites/v1/tools/web.py,24,"[{""name"": ""url"", ""kind"": ""positional_or_keyword"", ""annotation"": ""str"", ""default"": null, ""required"": true, ""is_environment_dependency"": false, ""environment_dependency"": null}, {""name"": ""content"", ""kind"": ""positional_or_keyword"", ""annotation"": ""str"", ""default"": null, ""required"": true, ""is_environment_dependency"": false, ""environment_dependency"": null}]","[{""name"": ""web"", ""kind"": ""positional_or_keyword"", ""annotation"": ""AnnotatedWeb"", ""default"": null, ""required"": false, ""is_environment_dependency"": true, ""environment_dependency"": ""web""}]",None,external_communication_write,medium,unreviewed_suggestion
agentdojo_travel_get_user_information,travel,1,get_user_information,"Get the user information, could be: first name, last name, ID number, email, phone number, address, passport number, bank account number, credit card number. These information are used for booking hotels, restaurants, car rentals, and flights.",src/agentdojo/default_suites/v1/tools/travel_booking_client.py,104,[],"[{""name"": ""user"", ""kind"": ""positional_or_keyword"", ""annotation"": ""Annotated[User, Depends('user')]"", ""default"": null, ""required"": false, ""is_environment_dependency"": true, ""environment_dependency"": ""user""}]","dict[str, str]",read_only,low,unreviewed_suggestion
agentdojo_travel_get_all_hotels_in_city,travel,2,get_all_hotels_in_city,Get all hotels in the given city. :param city: The city to get hotels from.,src/agentdojo/default_suites/v1/tools/travel_booking_client.py,122,"[{""name"": ""city"", ""kind"": ""positional_or_keyword"", ""annotation"": ""str"", ""default"": null, ""required"": true, ""is_environment_dependency"": false, ""environment_dependency"": null}]","[{""name"": ""hotels"", ""kind"": ""positional_or_keyword"", ""annotation"": ""Annotated[Hotels, Depends('hotels')]"", ""default"": null, ""required"": false, ""is_environment_dependency"": true, ""environment_dependency"": ""hotels""}]",str,read_only,low,unreviewed_suggestion
agentdojo_travel_get_hotels_prices,travel,3,get_hotels_prices,"Get all hotels within the given budget, should be within the price range. :param hotel_names: The name of the hotel to get the price range for.",src/agentdojo/default_suites/v1/tools/travel_booking_client.py,131,"[{""name"": ""hotel_names"", ""kind"": ""positional_or_keyword"", ""annotation"": ""list[str]"", ""default"": null, ""required"": true, ""is_environment_dependency"": false, ""environment_dependency"": null}]","[{""name"": ""hotels"", ""kind"": ""positional_or_keyword"", ""annotation"": ""Annotated[Hotels, Depends('hotels')]"", ""default"": null, ""required"": false, ""is_environment_dependency"": true, ""environment_dependency"": ""hotels""}]","dict[str, str]",read_only,low,unreviewed_suggestion
agentdojo_travel_get_rating_reviews_for_hotels,travel,4,get_rating_reviews_for_hotels,Get the rating and reviews for the given hotels. :param hotel_names: The names of the hotels to get reviews for.,src/agentdojo/default_suites/v1/tools/travel_booking_client.py,149,"[{""name"": ""hotel_names"", ""kind"": ""positional_or_keyword"", ""annotation"": ""list[str]"", ""default"": null, ""required"": true, ""is_environment_dependency"": false, ""environment_dependency"": null}]","[{""name"": ""hotels"", ""kind"": ""positional_or_keyword"", ""annotation"": ""Annotated[Hotels, Depends('hotels')]"", ""default"": null, ""required"": false, ""is_environment_dependency"": true, ""environment_dependency"": ""hotels""}]","dict[str, str]",read_only,low,unreviewed_suggestion
agentdojo_travel_get_hotels_address,travel,5,get_hotels_address,Get the address of the given hotel. :param hotel_name: The name of the hotel to get the address for.,src/agentdojo/default_suites/v1/tools/travel_booking_client.py,142,"[{""name"": ""hotel_name"", ""kind"": ""positional_or_keyword"", ""annotation"": ""str"", ""default"": null, ""required"": true, ""is_environment_dependency"": false, ""environment_dependency"": null}]","[{""name"": ""hotels"", ""kind"": ""positional_or_keyword"", ""annotation"": ""Annotated[Hotels, Depends('hotels')]"", ""default"": null, ""required"": false, ""is_environment_dependency"": true, ""environment_dependency"": ""hotels""}]","dict[str, str]",read_only,low,unreviewed_suggestion
agentdojo_travel_get_all_restaurants_in_city,travel,6,get_all_restaurants_in_city,Get all restaurants in the given city. :param city: The city to get restaurants from.,src/agentdojo/default_suites/v1/tools/travel_booking_client.py,166,"[{""name"": ""city"", ""kind"": ""positional_or_keyword"", ""annotation"": ""str"", ""default"": null, ""required"": true, ""is_environment_dependency"": false, ""environment_dependency"": null}]","[{""name"": ""restaurants"", ""kind"": ""positional_or_keyword"", ""annotation"": ""Annotated[Restaurants, Depends('restaurants')]"", ""default"": null, ""required"": false, ""is_environment_dependency"": true, ""environment_dependency"": ""restaurants""}]",str,read_only,low,unreviewed_suggestion
agentdojo_travel_get_cuisine_type_for_restaurants,travel,7,get_cuisine_type_for_restaurants,"Get the cuisine type of the given restaurants, could be: Italian, Chinese, Indian, Japanese. :param restaurant_names: The name of restaurants to get the cuisine type for.",src/agentdojo/default_suites/v1/tools/travel_booking_client.py,205,"[{""name"": ""restaurant_names"", ""kind"": ""positional_or_keyword"", ""annotation"": ""list[str]"", ""default"": null, ""required"": true, ""is_environment_dependency"": false, ""environment_dependency"": null}]","[{""name"": ""restaurants"", ""kind"": ""positional_or_keyword"", ""annotation"": ""Annotated[Restaurants, Depends('restaurants')]"", ""default"": null, ""required"": false, ""is_environment_dependency"": true, ""environment_dependency"": ""restaurants""}]","dict[str, str]",read_only,low,unreviewed_suggestion
agentdojo_travel_get_restaurants_address,travel,8,get_restaurants_address,Get the address of the given restaurants. :param restaurant_names: The name of the restaurant to get the address for.,src/agentdojo/default_suites/v1/tools/travel_booking_client.py,175,"[{""name"": ""restaurant_names"", ""kind"": ""positional_or_keyword"", ""annotation"": ""list[str]"", ""default"": null, ""required"": true, ""is_environment_dependency"": false, ""environment_dependency"": null}]","[{""name"": ""restaurants"", ""kind"": ""positional_or_keyword"", ""annotation"": ""Annotated[Restaurants, Depends('restaurants')]"", ""default"": null, ""required"": false, ""is_environment_dependency"": true, ""environment_dependency"": ""restaurants""}]","dict[str, str]",read_only,low,unreviewed_suggestion
agentdojo_travel_get_rating_reviews_for_restaurants,travel,9,get_rating_reviews_for_restaurants,Get the rating and reviews for the given restaurants. :param restaurant_names: The names of the restaurants to get reviews for.,src/agentdojo/default_suites/v1/tools/travel_booking_client.py,191,"[{""name"": ""restaurant_names"", ""kind"": ""positional_or_keyword"", ""annotation"": ""list[str]"", ""default"": null, ""required"": true, ""is_environment_dependency"": false, ""environment_dependency"": null}]","[{""name"": ""restaurants"", ""kind"": ""positional_or_keyword"", ""annotation"": ""Annotated[Restaurants, Depends('restaurants')]"", ""default"": null, ""required"": false, ""is_environment_dependency"": true, ""environment_dependency"": ""restaurants""}]","dict[str, str]",read_only,low,unreviewed_suggestion
agentdojo_travel_get_dietary_restrictions_for_all_restaurants,travel,10,get_dietary_restrictions_for_all_restaurants,"Get the dietary restrictions of the given restaurants, could be: Vegetarian, Vegan, Gluten-free, Dairy-free. :param restaurant_names: The name of the restaurant to get the dietary restrictions for.",src/agentdojo/default_suites/v1/tools/travel_booking_client.py,219,"[{""name"": ""restaurant_names"", ""kind"": ""positional_or_keyword"", ""annotation"": ""list[str]"", ""default"": null, ""required"": true, ""is_environment_dependency"": false, ""environment_dependency"": null}]","[{""name"": ""restaurants"", ""kind"": ""positional_or_keyword"", ""annotation"": ""Annotated[Restaurants, Depends('restaurants')]"", ""default"": null, ""required"": false, ""is_environment_dependency"": true, ""environment_dependency"": ""restaurants""}]","dict[str, str]",read_only,low,unreviewed_suggestion
agentdojo_travel_get_contact_information_for_restaurants,travel,11,get_contact_information_for_restaurants,Get the contact information of the given restaurants. :param restaurant_names: The name of the restaurant to get the contact information for.,src/agentdojo/default_suites/v1/tools/travel_booking_client.py,234,"[{""name"": ""restaurant_names"", ""kind"": ""positional_or_keyword"", ""annotation"": ""list[str]"", ""default"": null, ""required"": true, ""is_environment_dependency"": false, ""environment_dependency"": null}]","[{""name"": ""restaurants"", ""kind"": ""positional_or_keyword"", ""annotation"": ""Annotated[Restaurants, Depends('restaurants')]"", ""default"": null, ""required"": false, ""is_environment_dependency"": true, ""environment_dependency"": ""restaurants""}]","dict[str, str]",read_only,low,unreviewed_suggestion
agentdojo_travel_get_price_for_restaurants,travel,12,get_price_for_restaurants,Get the price per person of the given restaurants. :param restaurant_names: The name of the restaurant to get the price per person for.,src/agentdojo/default_suites/v1/tools/travel_booking_client.py,248,"[{""name"": ""restaurant_names"", ""kind"": ""positional_or_keyword"", ""annotation"": ""list[str]"", ""default"": null, ""required"": true, ""is_environment_dependency"": false, ""environment_dependency"": null}]","[{""name"": ""restaurants"", ""kind"": ""positional_or_keyword"", ""annotation"": ""Annotated[Restaurants, Depends('restaurants')]"", ""default"": null, ""required"": false, ""is_environment_dependency"": true, ""environment_dependency"": ""restaurants""}]","dict[str, float]",read_only,low,unreviewed_suggestion
agentdojo_travel_check_restaurant_opening_hours,travel,13,check_restaurant_opening_hours,"Get the openning hours of the given restaurants, check if the restaurant is open. :param restaurant_names: The name of the restaurant to get the operating hours for.",src/agentdojo/default_suites/v1/tools/travel_booking_client.py,262,"[{""name"": ""restaurant_names"", ""kind"": ""positional_or_keyword"", ""annotation"": ""list[str]"", ""default"": null, ""required"": true, ""is_environment_dependency"": false, ""environment_dependency"": null}]","[{""name"": ""restaurants"", ""kind"": ""positional_or_keyword"", ""annotation"": ""Annotated[Restaurants, Depends('restaurants')]"", ""default"": null, ""required"": false, ""is_environment_dependency"": true, ""environment_dependency"": ""restaurants""}]","dict[str, str]",read_only,low,unreviewed_suggestion
agentdojo_travel_get_all_car_rental_companies_in_city,travel,14,get_all_car_rental_companies_in_city,Get all car rental companies in the given city. :param city: The city to get car rental companies from.,src/agentdojo/default_suites/v1/tools/travel_booking_client.py,279,"[{""name"": ""city"", ""kind"": ""positional_or_keyword"", ""annotation"": ""str"", ""default"": null, ""required"": true, ""is_environment_dependency"": false, ""environment_dependency"": null}]","[{""name"": ""car_rental"", ""kind"": ""positional_or_keyword"", ""annotation"": ""Annotated[CarRental, Depends('car_rental')]"", ""default"": null, ""required"": false, ""is_environment_dependency"": true, ""environment_dependency"": ""car_rental""}]",str,read_only,low,unreviewed_suggestion
agentdojo_travel_get_car_types_available,travel,15,get_car_types_available,Get the car types available for the given car rental companies. :param company_name: The name of the car rental company to get the car types available for.,src/agentdojo/default_suites/v1/tools/travel_booking_client.py,288,"[{""name"": ""company_name"", ""kind"": ""positional_or_keyword"", ""annotation"": ""list[str]"", ""default"": null, ""required"": true, ""is_environment_dependency"": false, ""environment_dependency"": null}]","[{""name"": ""car_rental"", ""kind"": ""positional_or_keyword"", ""annotation"": ""Annotated[CarRental, Depends('car_rental')]"", ""default"": null, ""required"": false, ""is_environment_dependency"": true, ""environment_dependency"": ""car_rental""}]","dict[str, list]",read_only,low,unreviewed_suggestion
agentdojo_travel_get_rating_reviews_for_car_rental,travel,16,get_rating_reviews_for_car_rental,Get the rating and reviews for the given car rental companies. :param company_name: The name of the car rental company to get reviews for.,src/agentdojo/default_suites/v1/tools/travel_booking_client.py,299,"[{""name"": ""company_name"", ""kind"": ""positional_or_keyword"", ""annotation"": ""list[str]"", ""default"": null, ""required"": true, ""is_environment_dependency"": false, ""environment_dependency"": null}]","[{""name"": ""car_rental"", ""kind"": ""positional_or_keyword"", ""annotation"": ""Annotated[CarRental, Depends('car_rental')]"", ""default"": null, ""required"": false, ""is_environment_dependency"": true, ""environment_dependency"": ""car_rental""}]","dict[str, str]",read_only,low,unreviewed_suggestion
agentdojo_travel_get_car_fuel_options,travel,17,get_car_fuel_options,Get the fuel options of the given car rental companies. :param company_name: The name of the car rental company to get the fuel options for.,src/agentdojo/default_suites/v1/tools/travel_booking_client.py,321,"[{""name"": ""company_name"", ""kind"": ""positional_or_keyword"", ""annotation"": ""list[str]"", ""default"": null, ""required"": true, ""is_environment_dependency"": false, ""environment_dependency"": null}]","[{""name"": ""car_rental"", ""kind"": ""positional_or_keyword"", ""annotation"": ""Annotated[CarRental, Depends('car_rental')]"", ""default"": null, ""required"": false, ""is_environment_dependency"": true, ""environment_dependency"": ""car_rental""}]","dict[str, list]",read_only,low,unreviewed_suggestion
agentdojo_travel_get_car_rental_address,travel,18,get_car_rental_address,Get the address of the given car rental companies. :param company_name: The name of the car rental company to get the address for.,src/agentdojo/default_suites/v1/tools/travel_booking_client.py,312,"[{""name"": ""company_name"", ""kind"": ""positional_or_keyword"", ""annotation"": ""list[str]"", ""default"": null, ""required"": true, ""is_environment_dependency"": false, ""environment_dependency"": null}]","[{""name"": ""car_rental"", ""kind"": ""positional_or_keyword"", ""annotation"": ""Annotated[CarRental, Depends('car_rental')]"", ""default"": null, ""required"": false, ""is_environment_dependency"": true, ""environment_dependency"": ""car_rental""}]","dict[str, str]",read_only,low,unreviewed_suggestion
agentdojo_travel_get_car_price_per_day,travel,19,get_car_price_per_day,Get the price per day of the given car rental companies. :param company_name: The name of the car rental company to get the price per day for.,src/agentdojo/default_suites/v1/tools/travel_booking_client.py,330,"[{""name"": ""company_name"", ""kind"": ""positional_or_keyword"", ""annotation"": ""list[str]"", ""default"": null, ""required"": true, ""is_environment_dependency"": false, ""environment_dependency"": null}]","[{""name"": ""car_rental"", ""kind"": ""positional_or_keyword"", ""annotation"": ""Annotated[CarRental, Depends('car_rental')]"", ""default"": null, ""required"": false, ""is_environment_dependency"": true, ""environment_dependency"": ""car_rental""}]","dict[str, float]",read_only,low,unreviewed_suggestion
agentdojo_travel_create_calendar_event,travel,20,create_calendar_event,Creates a new calendar event with the given details and adds it to the calendar. It also sends an email to the participants with the event details.,src/agentdojo/default_suites/v1/tools/calendar_client.py,137,"[{""name"": ""title"", ""kind"": ""positional_or_keyword"", ""annotation"": ""str"", ""default"": null, ""required"": true, ""is_environment_dependency"": false, ""environment_dependency"": null}, {""name"": ""start_time"", ""kind"": ""positional_or_keyword"", ""annotation"": ""str"", ""default"": null, ""required"": true, ""is_environment_dependency"": false, ""environment_dependency"": null}, {""name"": ""end_time"", ""kind"": ""positional_or_keyword"", ""annotation"": ""str"", ""default"": null, ""required"": true, ""is_environment_dependency"": false, ""environment_dependency"": null}, {""name"": ""description"", ""kind"": ""positional_or_keyword"", ""annotation"": ""str"", ""default"": ""''"", ""required"": false, ""is_environment_dependency"": false, ""environment_dependency"": null}, {""name"": ""participants"", ""kind"": ""positional_or_keyword"", ""annotation"": ""list[str] | None"", ""default"": ""None"", ""required"": false, ""is_environment_dependency"": false, ""environment_dependency"": null}, {""name"": ""location"", ""kind"": ""positional_or_keyword"", ""annotation"": ""str | None"", ""default"": ""None"", ""required"": false, ""is_environment_dependency"": false, ""environment_dependency"": null}]","[{""name"": ""calendar"", ""kind"": ""positional_or_keyword"", ""annotation"": ""Annotated[Calendar, Depends('calendar')]"", ""default"": null, ""required"": false, ""is_environment_dependency"": true, ""environment_dependency"": ""calendar""}, {""name"": ""inbox"", ""kind"": ""positional_or_keyword"", ""annotation"": ""Annotated[Inbox, Depends('inbox')]"", ""default"": null, ""required"": false, ""is_environment_dependency"": true, ""environment_dependency"": ""inbox""}]",CalendarEvent,state_changing_write,medium,unreviewed_suggestion
agentdojo_travel_search_calendar_events,travel,21,search_calendar_events,"Searches calendar events that match the given query in the tile or the description. If provided, filters events by date.",src/agentdojo/default_suites/v1/tools/calendar_client.py,171,"[{""name"": ""query"", ""kind"": ""positional_or_keyword"", ""annotation"": ""str"", ""default"": null, ""required"": true, ""is_environment_dependency"": false, ""environment_dependency"": null}, {""name"": ""date"", ""kind"": ""positional_or_keyword"", ""annotation"": ""str | None"", ""default"": ""None"", ""required"": false, ""is_environment_dependency"": false, ""environment_dependency"": null}]","[{""name"": ""calendar"", ""kind"": ""positional_or_keyword"", ""annotation"": ""Annotated[Calendar, Depends('calendar')]"", ""default"": null, ""required"": false, ""is_environment_dependency"": true, ""environment_dependency"": ""calendar""}]",list[CalendarEvent],read_only,low,unreviewed_suggestion
agentdojo_travel_get_day_calendar_events,travel,22,get_day_calendar_events,Returns the appointments for the given `day`. Returns a list of dictionaries with informations about each meeting.,src/agentdojo/default_suites/v1/tools/calendar_client.py,128,"[{""name"": ""day"", ""kind"": ""positional_or_keyword"", ""annotation"": ""str"", ""default"": null, ""required"": true, ""is_environment_dependency"": false, ""environment_dependency"": null}]","[{""name"": ""calendar"", ""kind"": ""positional_or_keyword"", ""annotation"": ""Annotated[Calendar, Depends('calendar')]"", ""default"": null, ""required"": false, ""is_environment_dependency"": true, ""environment_dependency"": ""calendar""}]",list[CalendarEvent],read_only,low,unreviewed_suggestion
agentdojo_travel_cancel_calendar_event,travel,23,cancel_calendar_event,Cancels the event with the given `event_id`. The event will be marked as canceled and no longer appear in the calendar. It will also send an email to the participants notifying them of the cancellation.,src/agentdojo/default_suites/v1/tools/calendar_client.py,200,"[{""name"": ""event_id"", ""kind"": ""positional_or_keyword"", ""annotation"": ""str"", ""default"": null, ""required"": true, ""is_environment_dependency"": false, ""environment_dependency"": null}]","[{""name"": ""calendar"", ""kind"": ""positional_or_keyword"", ""annotation"": ""Annotated[Calendar, Depends('calendar')]"", ""default"": null, ""required"": false, ""is_environment_dependency"": true, ""environment_dependency"": ""calendar""}, {""name"": ""inbox"", ""kind"": ""positional_or_keyword"", ""annotation"": ""Annotated[Inbox, Depends('inbox')]"", ""default"": null, ""required"": false, ""is_environment_dependency"": true, ""environment_dependency"": ""inbox""}]",str,destructive_or_revocation_write,high,unreviewed_suggestion
agentdojo_travel_reserve_hotel,travel,24,reserve_hotel,Makes a reservation for a hotel with the provided details.. :param hotel: Where the reservation is made. It must only be the name of the hotel. :param start_day: The check-in day for the hotel. Should be in ISO format 'YYYY-MM-DD'. :param end_day: The check-out day for the hotel. Should be in ISO format 'YYYY-MM-DD'.,src/agentdojo/default_suites/v1/tools/travel_booking_client.py,339,"[{""name"": ""hotel"", ""kind"": ""positional_or_keyword"", ""annotation"": ""str"", ""default"": null, ""required"": true, ""is_environment_dependency"": false, ""environment_dependency"": null}, {""name"": ""start_day"", ""kind"": ""positional_or_keyword"", ""annotation"": ""str"", ""default"": null, ""required"": true, ""is_environment_dependency"": false, ""environment_dependency"": null}, {""name"": ""end_day"", ""kind"": ""positional_or_keyword"", ""annotation"": ""str"", ""default"": null, ""required"": true, ""is_environment_dependency"": false, ""environment_dependency"": null}]","[{""name"": ""reservation"", ""kind"": ""positional_or_keyword"", ""annotation"": ""Annotated[Reservation, Depends('reservation')]"", ""default"": null, ""required"": false, ""is_environment_dependency"": true, ""environment_dependency"": ""reservation""}, {""name"": ""user"", ""kind"": ""positional_or_keyword"", ""annotation"": ""Annotated[User, Depends('user')]"", ""default"": null, ""required"": false, ""is_environment_dependency"": true, ""environment_dependency"": ""user""}]",str,booking_or_reservation_write,high,unreviewed_suggestion
agentdojo_travel_reserve_car_rental,travel,25,reserve_car_rental,Makes a reservation for a car rental with the provided details.,src/agentdojo/default_suites/v1/tools/travel_booking_client.py,382,"[{""name"": ""company"", ""kind"": ""positional_or_keyword"", ""annotation"": ""str"", ""default"": null, ""required"": true, ""is_environment_dependency"": false, ""environment_dependency"": null}, {""name"": ""start_time"", ""kind"": ""positional_or_keyword"", ""annotation"": ""str"", ""default"": null, ""required"": true, ""is_environment_dependency"": false, ""environment_dependency"": null}, {""name"": ""end_time"", ""kind"": ""positional_or_keyword"", ""annotation"": ""str | None"", ""default"": null, ""required"": true, ""is_environment_dependency"": false, ""environment_dependency"": null}]","[{""name"": ""reservation"", ""kind"": ""positional_or_keyword"", ""annotation"": ""Annotated[Reservation, Depends('reservation')]"", ""default"": null, ""required"": false, ""is_environment_dependency"": true, ""environment_dependency"": ""reservation""}, {""name"": ""user"", ""kind"": ""positional_or_keyword"", ""annotation"": ""Annotated[User, Depends('user')]"", ""default"": null, ""required"": false, ""is_environment_dependency"": true, ""environment_dependency"": ""user""}]",,booking_or_reservation_write,high,unreviewed_suggestion
agentdojo_travel_reserve_restaurant,travel,26,reserve_restaurant,Makes a reservation for a restaurant with the provided details.,src/agentdojo/default_suites/v1/tools/travel_booking_client.py,359,"[{""name"": ""restaurant"", ""kind"": ""positional_or_keyword"", ""annotation"": ""str"", ""default"": null, ""required"": true, ""is_environment_dependency"": false, ""environment_dependency"": null}, {""name"": ""start_time"", ""kind"": ""positional_or_keyword"", ""annotation"": ""str"", ""default"": null, ""required"": true, ""is_environment_dependency"": false, ""environment_dependency"": null}]","[{""name"": ""reservation"", ""kind"": ""positional_or_keyword"", ""annotation"": ""Annotated[Reservation, Depends('reservation')]"", ""default"": null, ""required"": false, ""is_environment_dependency"": true, ""environment_dependency"": ""reservation""}, {""name"": ""user"", ""kind"": ""positional_or_keyword"", ""annotation"": ""Annotated[User, Depends('user')]"", ""default"": null, ""required"": false, ""is_environment_dependency"": true, ""environment_dependency"": ""user""}]",str,booking_or_reservation_write,high,unreviewed_suggestion
agentdojo_travel_get_flight_information,travel,27,get_flight_information,Get the flight information from the departure city to the arrival city. :param departure_city: The city to depart from. :param arrival_city: The city to arrive at.,src/agentdojo/default_suites/v1/tools/travel_booking_client.py,403,"[{""name"": ""departure_city"", ""kind"": ""positional_or_keyword"", ""annotation"": ""str"", ""default"": null, ""required"": true, ""is_environment_dependency"": false, ""environment_dependency"": null}, {""name"": ""arrival_city"", ""kind"": ""positional_or_keyword"", ""annotation"": ""str"", ""default"": null, ""required"": true, ""is_environment_dependency"": false, ""environment_dependency"": null}]","[{""name"": ""flights"", ""kind"": ""positional_or_keyword"", ""annotation"": ""Annotated[Flights, Depends('flights')]"", ""default"": null, ""required"": false, ""is_environment_dependency"": true, ""environment_dependency"": ""flights""}]",str,read_only,low,unreviewed_suggestion
agentdojo_travel_send_email,travel,28,send_email,Sends an email with the given `body` to the given `address`. Returns a dictionary with the email details.,src/agentdojo/default_suites/v1/tools/email_client.py,154,"[{""name"": ""recipients"", ""kind"": ""positional_or_keyword"", ""annotation"": ""list[str]"", ""default"": null, ""required"": true, ""is_environment_dependency"": false, ""environment_dependency"": null}, {""name"": ""subject"", ""kind"": ""positional_or_keyword"", ""annotation"": ""str"", ""default"": null, ""required"": true, ""is_environment_dependency"": false, ""environment_dependency"": null}, {""name"": ""body"", ""kind"": ""positional_or_keyword"", ""annotation"": ""str"", ""default"": null, ""required"": true, ""is_environment_dependency"": false, ""environment_dependency"": null}, {""name"": ""attachments"", ""kind"": ""positional_or_keyword"", ""annotation"": ""list[dict] | None"", ""default"": ""None"", ""required"": false, ""is_environment_dependency"": false, ""environment_dependency"": null}, {""name"": ""cc"", ""kind"": ""positional_or_keyword"", ""annotation"": ""list[str] | None"", ""default"": ""None"", ""required"": false, ""is_environment_dependency"": false, ""environment_dependency"": null}, {""name"": ""bcc"", ""kind"": ""positional_or_keyword"", ""annotation"": ""list[str] | None"", ""default"": ""None"", ""required"": false, ""is_environment_dependency"": false, ""environment_dependency"": null}]","[{""name"": ""inbox"", ""kind"": ""positional_or_keyword"", ""annotation"": ""Annotated[Inbox, Depends('inbox')]"", ""default"": null, ""required"": false, ""is_environment_dependency"": true, ""environment_dependency"": ""inbox""}]",Email,external_communication_write,medium,unreviewed_suggestion
agentdojo_workspace_send_email,workspace,1,send_email,Sends an email with the given `body` to the given `address`. Returns a dictionary with the email details.,src/agentdojo/default_suites/v1/tools/email_client.py,154,"[{""name"": ""recipients"", ""kind"": ""positional_or_keyword"", ""annotation"": ""list[str]"", ""default"": null, ""required"": true, ""is_environment_dependency"": false, ""environment_dependency"": null}, {""name"": ""subject"", ""kind"": ""positional_or_keyword"", ""annotation"": ""str"", ""default"": null, ""required"": true, ""is_environment_dependency"": false, ""environment_dependency"": null}, {""name"": ""body"", ""kind"": ""positional_or_keyword"", ""annotation"": ""str"", ""default"": null, ""required"": true, ""is_environment_dependency"": false, ""environment_dependency"": null}, {""name"": ""attachments"", ""kind"": ""positional_or_keyword"", ""annotation"": ""list[dict] | None"", ""default"": ""None"", ""required"": false, ""is_environment_dependency"": false, ""environment_dependency"": null}, {""name"": ""cc"", ""kind"": ""positional_or_keyword"", ""annotation"": ""list[str] | None"", ""default"": ""None"", ""required"": false, ""is_environment_dependency"": false, ""environment_dependency"": null}, {""name"": ""bcc"", ""kind"": ""positional_or_keyword"", ""annotation"": ""list[str] | None"", ""default"": ""None"", ""required"": false, ""is_environment_dependency"": false, ""environment_dependency"": null}]","[{""name"": ""inbox"", ""kind"": ""positional_or_keyword"", ""annotation"": ""Annotated[Inbox, Depends('inbox')]"", ""default"": null, ""required"": false, ""is_environment_dependency"": true, ""environment_dependency"": ""inbox""}]",Email,external_communication_write,medium,unreviewed_suggestion
agentdojo_workspace_delete_email,workspace,2,delete_email,Deletes the email with the given `email_id` from the inbox.,src/agentdojo/default_suites/v1/tools/email_client.py,214,"[{""name"": ""email_id"", ""kind"": ""positional_or_keyword"", ""annotation"": ""str"", ""default"": null, ""required"": true, ""is_environment_dependency"": false, ""environment_dependency"": null}]","[{""name"": ""inbox"", ""kind"": ""positional_or_keyword"", ""annotation"": ""Annotated[Inbox, Depends('inbox')]"", ""default"": null, ""required"": false, ""is_environment_dependency"": true, ""environment_dependency"": ""inbox""}]",str,destructive_or_revocation_write,high,unreviewed_suggestion
agentdojo_workspace_get_unread_emails,workspace,3,get_unread_emails,"Returns all the unread emails in the inbox. Each email has a sender, a subject, and a body. The emails are marked as read after this function is called.",src/agentdojo/default_suites/v1/tools/email_client.py,148,[],"[{""name"": ""inbox"", ""kind"": ""positional_or_keyword"", ""annotation"": ""Annotated[Inbox, Depends('inbox')]"", ""default"": null, ""required"": false, ""is_environment_dependency"": true, ""environment_dependency"": ""inbox""}]",list[Email],read_only,low,unreviewed_suggestion
agentdojo_workspace_get_sent_emails,workspace,4,get_sent_emails,"Returns all the sent emails in the inbox. Each email has a recipient, a subject, and a body.",src/agentdojo/default_suites/v1/tools/email_client.py,223,[],"[{""name"": ""inbox"", ""kind"": ""positional_or_keyword"", ""annotation"": ""Annotated[Inbox, Depends('inbox')]"", ""default"": null, ""required"": false, ""is_environment_dependency"": true, ""environment_dependency"": ""inbox""}]",list[Email],read_only,low,unreviewed_suggestion
agentdojo_workspace_get_received_emails,workspace,5,get_received_emails,"Returns all the received emails in the inbox. Each email has a sender, a subject, and a body.",src/agentdojo/default_suites/v1/tools/email_client.py,228,[],"[{""name"": ""inbox"", ""kind"": ""positional_or_keyword"", ""annotation"": ""Annotated[Inbox, Depends('inbox')]"", ""default"": null, ""required"": false, ""is_environment_dependency"": true, ""environment_dependency"": ""inbox""}]",list[Email],read_only,low,unreviewed_suggestion
agentdojo_workspace_get_draft_emails,workspace,6,get_draft_emails,"Returns all the draft emails in the inbox. Each email has a recipient, a subject, and a body.",src/agentdojo/default_suites/v1/tools/email_client.py,233,[],"[{""name"": ""inbox"", ""kind"": ""positional_or_keyword"", ""annotation"": ""Annotated[Inbox, Depends('inbox')]"", ""default"": null, ""required"": false, ""is_environment_dependency"": true, ""environment_dependency"": ""inbox""}]",list[Email],read_only,low,unreviewed_suggestion
agentdojo_workspace_search_emails,workspace,7,search_emails,"Searches for emails in the inbox that contain the given query in the subject or body. If `address` is provided, only emails from that address are searched.",src/agentdojo/default_suites/v1/tools/email_client.py,196,"[{""name"": ""query"", ""kind"": ""positional_or_keyword"", ""annotation"": ""str"", ""default"": null, ""required"": true, ""is_environment_dependency"": false, ""environment_dependency"": null}, {""name"": ""sender"", ""kind"": ""positional_or_keyword"", ""annotation"": ""str | None"", ""default"": ""None"", ""required"": false, ""is_environment_dependency"": false, ""environment_dependency"": null}]","[{""name"": ""inbox"", ""kind"": ""positional_or_keyword"", ""annotation"": ""Annotated[Inbox, Depends('inbox')]"", ""default"": null, ""required"": false, ""is_environment_dependency"": true, ""environment_dependency"": ""inbox""}]",list[Email],read_only,low,unreviewed_suggestion
agentdojo_workspace_search_contacts_by_name,workspace,8,search_contacts_by_name,Finds contacts in the inbox's contact list by name. It returns a list of contacts that match the given name.,src/agentdojo/default_suites/v1/tools/email_client.py,238,"[{""name"": ""query"", ""kind"": ""positional_or_keyword"", ""annotation"": ""str"", ""default"": null, ""required"": true, ""is_environment_dependency"": false, ""environment_dependency"": null}]","[{""name"": ""inbox"", ""kind"": ""positional_or_keyword"", ""annotation"": ""Annotated[Inbox, Depends('inbox')]"", ""default"": null, ""required"": false, ""is_environment_dependency"": true, ""environment_dependency"": ""inbox""}]",list[EmailContact],read_only,low,unreviewed_suggestion
agentdojo_workspace_search_contacts_by_email,workspace,9,search_contacts_by_email,Finds contacts in the inbox's contact list by email. It returns a list of contacts that match the given email.,src/agentdojo/default_suites/v1/tools/email_client.py,247,"[{""name"": ""query"", ""kind"": ""positional_or_keyword"", ""annotation"": ""str"", ""default"": null, ""required"": true, ""is_environment_dependency"": false, ""environment_dependency"": null}]","[{""name"": ""inbox"", ""kind"": ""positional_or_keyword"", ""annotation"": ""Annotated[Inbox, Depends('inbox')]"", ""default"": null, ""required"": false, ""is_environment_dependency"": true, ""environment_dependency"": ""inbox""}]",list[EmailContact],read_only,low,unreviewed_suggestion
agentdojo_workspace_get_current_day,workspace,10,get_current_day,"Returns the current day in ISO format, e.g. '2022-01-01'. It is useful to know what the current day, year, or month is, as the assistant should not assume what the current date is.",src/agentdojo/default_suites/v1/tools/calendar_client.py,191,[],"[{""name"": ""calendar"", ""kind"": ""positional_or_keyword"", ""annotation"": ""Annotated[Calendar, Depends('calendar')]"", ""default"": null, ""required"": false, ""is_environment_dependency"": true, ""environment_dependency"": ""calendar""}]",str,read_only,low,unreviewed_suggestion
agentdojo_workspace_search_calendar_events,workspace,11,search_calendar_events,"Searches calendar events that match the given query in the tile or the description. If provided, filters events by date.",src/agentdojo/default_suites/v1/tools/calendar_client.py,171,"[{""name"": ""query"", ""kind"": ""positional_or_keyword"", ""annotation"": ""str"", ""default"": null, ""required"": true, ""is_environment_dependency"": false, ""environment_dependency"": null}, {""name"": ""date"", ""kind"": ""positional_or_keyword"", ""annotation"": ""str | None"", ""default"": ""None"", ""required"": false, ""is_environment_dependency"": false, ""environment_dependency"": null}]","[{""name"": ""calendar"", ""kind"": ""positional_or_keyword"", ""annotation"": ""Annotated[Calendar, Depends('calendar')]"", ""default"": null, ""required"": false, ""is_environment_dependency"": true, ""environment_dependency"": ""calendar""}]",list[CalendarEvent],read_only,low,unreviewed_suggestion
agentdojo_workspace_get_day_calendar_events,workspace,12,get_day_calendar_events,Returns the appointments for the given `day`. Returns a list of dictionaries with informations about each meeting.,src/agentdojo/default_suites/v1/tools/calendar_client.py,128,"[{""name"": ""day"", ""kind"": ""positional_or_keyword"", ""annotation"": ""str"", ""default"": null, ""required"": true, ""is_environment_dependency"": false, ""environment_dependency"": null}]","[{""name"": ""calendar"", ""kind"": ""positional_or_keyword"", ""annotation"": ""Annotated[Calendar, Depends('calendar')]"", ""default"": null, ""required"": false, ""is_environment_dependency"": true, ""environment_dependency"": ""calendar""}]",list[CalendarEvent],read_only,low,unreviewed_suggestion
agentdojo_workspace_create_calendar_event,workspace,13,create_calendar_event,Creates a new calendar event with the given details and adds it to the calendar. It also sends an email to the participants with the event details.,src/agentdojo/default_suites/v1/tools/calendar_client.py,137,"[{""name"": ""title"", ""kind"": ""positional_or_keyword"", ""annotation"": ""str"", ""default"": null, ""required"": true, ""is_environment_dependency"": false, ""environment_dependency"": null}, {""name"": ""start_time"", ""kind"": ""positional_or_keyword"", ""annotation"": ""str"", ""default"": null, ""required"": true, ""is_environment_dependency"": false, ""environment_dependency"": null}, {""name"": ""end_time"", ""kind"": ""positional_or_keyword"", ""annotation"": ""str"", ""default"": null, ""required"": true, ""is_environment_dependency"": false, ""environment_dependency"": null}, {""name"": ""description"", ""kind"": ""positional_or_keyword"", ""annotation"": ""str"", ""default"": ""''"", ""required"": false, ""is_environment_dependency"": false, ""environment_dependency"": null}, {""name"": ""participants"", ""kind"": ""positional_or_keyword"", ""annotation"": ""list[str] | None"", ""default"": ""None"", ""required"": false, ""is_environment_dependency"": false, ""environment_dependency"": null}, {""name"": ""location"", ""kind"": ""positional_or_keyword"", ""annotation"": ""str | None"", ""default"": ""None"", ""required"": false, ""is_environment_dependency"": false, ""environment_dependency"": null}]","[{""name"": ""calendar"", ""kind"": ""positional_or_keyword"", ""annotation"": ""Annotated[Calendar, Depends('calendar')]"", ""default"": null, ""required"": false, ""is_environment_dependency"": true, ""environment_dependency"": ""calendar""}, {""name"": ""inbox"", ""kind"": ""positional_or_keyword"", ""annotation"": ""Annotated[Inbox, Depends('inbox')]"", ""default"": null, ""required"": false, ""is_environment_dependency"": true, ""environment_dependency"": ""inbox""}]",CalendarEvent,state_changing_write,medium,unreviewed_suggestion
agentdojo_workspace_cancel_calendar_event,workspace,14,cancel_calendar_event,Cancels the event with the given `event_id`. The event will be marked as canceled and no longer appear in the calendar. It will also send an email to the participants notifying them of the cancellation.,src/agentdojo/default_suites/v1/tools/calendar_client.py,200,"[{""name"": ""event_id"", ""kind"": ""positional_or_keyword"", ""annotation"": ""str"", ""default"": null, ""required"": true, ""is_environment_dependency"": false, ""environment_dependency"": null}]","[{""name"": ""calendar"", ""kind"": ""positional_or_keyword"", ""annotation"": ""Annotated[Calendar, Depends('calendar')]"", ""default"": null, ""required"": false, ""is_environment_dependency"": true, ""environment_dependency"": ""calendar""}, {""name"": ""inbox"", ""kind"": ""positional_or_keyword"", ""annotation"": ""Annotated[Inbox, Depends('inbox')]"", ""default"": null, ""required"": false, ""is_environment_dependency"": true, ""environment_dependency"": ""inbox""}]",str,destructive_or_revocation_write,high,unreviewed_suggestion
agentdojo_workspace_reschedule_calendar_event,workspace,15,reschedule_calendar_event,Reschedules the event with the given `event_id` to the new start and end times. It will also send an email to the participants notifying them of the rescheduling.,src/agentdojo/default_suites/v1/tools/calendar_client.py,214,"[{""name"": ""event_id"", ""kind"": ""positional_or_keyword"", ""annotation"": ""str"", ""default"": null, ""required"": true, ""is_environment_dependency"": false, ""environment_dependency"": null}, {""name"": ""new_start_time"", ""kind"": ""positional_or_keyword"", ""annotation"": ""str"", ""default"": null, ""required"": true, ""is_environment_dependency"": false, ""environment_dependency"": null}, {""name"": ""new_end_time"", ""kind"": ""positional_or_keyword"", ""annotation"": ""str | None"", ""default"": ""None"", ""required"": false, ""is_environment_dependency"": false, ""environment_dependency"": null}]","[{""name"": ""calendar"", ""kind"": ""positional_or_keyword"", ""annotation"": ""Annotated[Calendar, Depends('calendar')]"", ""default"": null, ""required"": false, ""is_environment_dependency"": true, ""environment_dependency"": ""calendar""}, {""name"": ""inbox"", ""kind"": ""positional_or_keyword"", ""annotation"": ""Annotated[Inbox, Depends('inbox')]"", ""default"": null, ""required"": false, ""is_environment_dependency"": true, ""environment_dependency"": ""inbox""}]",CalendarEvent,state_changing_write,medium,unreviewed_suggestion
agentdojo_workspace_add_calendar_event_participants,workspace,16,add_calendar_event_participants,Adds the given `participants` to the event with the given `event_id`. It will also email the new participants notifying them of the event.,src/agentdojo/default_suites/v1/tools/calendar_client.py,242,"[{""name"": ""event_id"", ""kind"": ""positional_or_keyword"", ""annotation"": ""str"", ""default"": null, ""required"": true, ""is_environment_dependency"": false, ""environment_dependency"": null}, {""name"": ""participants"", ""kind"": ""positional_or_keyword"", ""annotation"": ""list[str]"", ""default"": null, ""required"": true, ""is_environment_dependency"": false, ""environment_dependency"": null}]","[{""name"": ""calendar"", ""kind"": ""positional_or_keyword"", ""annotation"": ""Annotated[Calendar, Depends('calendar')]"", ""default"": null, ""required"": false, ""is_environment_dependency"": true, ""environment_dependency"": ""calendar""}]",CalendarEvent,access_control_write,high,unreviewed_suggestion
agentdojo_workspace_append_to_file,workspace,17,append_to_file,Append content to a file in the cloud drive.,src/agentdojo/default_suites/v1/tools/cloud_drive_client.py,134,"[{""name"": ""file_id"", ""kind"": ""positional_or_keyword"", ""annotation"": ""str"", ""default"": null, ""required"": true, ""is_environment_dependency"": false, ""environment_dependency"": null}, {""name"": ""content"", ""kind"": ""positional_or_keyword"", ""annotation"": ""str"", ""default"": null, ""required"": true, ""is_environment_dependency"": false, ""environment_dependency"": null}]","[{""name"": ""cloud_drive"", ""kind"": ""positional_or_keyword"", ""annotation"": ""Annotated[CloudDrive, Depends('cloud_drive')]"", ""default"": null, ""required"": false, ""is_environment_dependency"": true, ""environment_dependency"": ""cloud_drive""}]",CloudDriveFile,state_changing_write,medium,unreviewed_suggestion
agentdojo_workspace_search_files_by_filename,workspace,18,search_files_by_filename,"Get a file from a cloud drive by its filename. It returns a list of files. Each file contains the file id, the content, the file type, and the filename.",src/agentdojo/default_suites/v1/tools/cloud_drive_client.py,69,"[{""name"": ""filename"", ""kind"": ""positional_or_keyword"", ""annotation"": ""str"", ""default"": null, ""required"": true, ""is_environment_dependency"": false, ""environment_dependency"": null}]","[{""name"": ""cloud_drive"", ""kind"": ""positional_or_keyword"", ""annotation"": ""Annotated[CloudDrive, Depends('cloud_drive')]"", ""default"": null, ""required"": false, ""is_environment_dependency"": true, ""environment_dependency"": ""cloud_drive""}]",list[CloudDriveFile],read_only,low,unreviewed_suggestion
agentdojo_workspace_create_file,workspace,19,create_file,Create a new file in the cloud drive.,src/agentdojo/default_suites/v1/tools/cloud_drive_client.py,80,"[{""name"": ""filename"", ""kind"": ""positional_or_keyword"", ""annotation"": ""str"", ""default"": null, ""required"": true, ""is_environment_dependency"": false, ""environment_dependency"": null}, {""name"": ""content"", ""kind"": ""positional_or_keyword"", ""annotation"": ""str"", ""default"": null, ""required"": true, ""is_environment_dependency"": false, ""environment_dependency"": null}]","[{""name"": ""cloud_drive"", ""kind"": ""positional_or_keyword"", ""annotation"": ""Annotated[CloudDrive, Depends('cloud_drive')]"", ""default"": null, ""required"": false, ""is_environment_dependency"": true, ""environment_dependency"": ""cloud_drive""}]",CloudDriveFile,state_changing_write,medium,unreviewed_suggestion
agentdojo_workspace_delete_file,workspace,20,delete_file,Delete a file from the cloud drive by its filename. It returns the file that was deleted.,src/agentdojo/default_suites/v1/tools/cloud_drive_client.py,93,"[{""name"": ""file_id"", ""kind"": ""positional_or_keyword"", ""annotation"": ""str"", ""default"": null, ""required"": true, ""is_environment_dependency"": false, ""environment_dependency"": null}]","[{""name"": ""cloud_drive"", ""kind"": ""positional_or_keyword"", ""annotation"": ""Annotated[CloudDrive, Depends('cloud_drive')]"", ""default"": null, ""required"": false, ""is_environment_dependency"": true, ""environment_dependency"": ""cloud_drive""}]",CloudDriveFile,destructive_or_revocation_write,high,unreviewed_suggestion
agentdojo_workspace_get_file_by_id,workspace,21,get_file_by_id,Get a file from a cloud drive by its ID.,src/agentdojo/default_suites/v1/tools/cloud_drive_client.py,102,"[{""name"": ""file_id"", ""kind"": ""positional_or_keyword"", ""annotation"": ""str"", ""default"": null, ""required"": true, ""is_environment_dependency"": false, ""environment_dependency"": null}]","[{""name"": ""cloud_drive"", ""kind"": ""positional_or_keyword"", ""annotation"": ""Annotated[CloudDrive, Depends('cloud_drive')]"", ""default"": null, ""required"": false, ""is_environment_dependency"": true, ""environment_dependency"": ""cloud_drive""}]",CloudDriveFile,read_only,low,unreviewed_suggestion
agentdojo_workspace_list_files,workspace,22,list_files,Retrieve all files in the cloud drive.,src/agentdojo/default_suites/v1/tools/cloud_drive_client.py,110,[],"[{""name"": ""cloud_drive"", ""kind"": ""positional_or_keyword"", ""annotation"": ""Annotated[CloudDrive, Depends('cloud_drive')]"", ""default"": null, ""required"": false, ""is_environment_dependency"": true, ""environment_dependency"": ""cloud_drive""}]",list[CloudDriveFile],read_only,low,unreviewed_suggestion
agentdojo_workspace_share_file,workspace,23,share_file,Share a file with a user.,src/agentdojo/default_suites/v1/tools/cloud_drive_client.py,117,"[{""name"": ""file_id"", ""kind"": ""positional_or_keyword"", ""annotation"": ""str"", ""default"": null, ""required"": true, ""is_environment_dependency"": false, ""environment_dependency"": null}, {""name"": ""email"", ""kind"": ""positional_or_keyword"", ""annotation"": ""str"", ""default"": null, ""required"": true, ""is_environment_dependency"": false, ""environment_dependency"": null}, {""name"": ""permission"", ""kind"": ""positional_or_keyword"", ""annotation"": ""SharingPermission"", ""default"": null, ""required"": true, ""is_environment_dependency"": false, ""environment_dependency"": null}]","[{""name"": ""cloud_drive"", ""kind"": ""positional_or_keyword"", ""annotation"": ""Annotated[CloudDrive, Depends('cloud_drive')]"", ""default"": null, ""required"": false, ""is_environment_dependency"": true, ""environment_dependency"": ""cloud_drive""}]",CloudDriveFile,access_control_write,high,unreviewed_suggestion
agentdojo_workspace_search_files,workspace,24,search_files,Search for files in the cloud drive by content.,src/agentdojo/default_suites/v1/tools/cloud_drive_client.py,147,"[{""name"": ""query"", ""kind"": ""positional_or_keyword"", ""annotation"": ""str"", ""default"": null, ""required"": true, ""is_environment_dependency"": false, ""environment_dependency"": null}]","[{""name"": ""cloud_drive"", ""kind"": ""positional_or_keyword"", ""annotation"": ""Annotated[CloudDrive, Depends('cloud_drive')]"", ""default"": null, ""required"": false, ""is_environment_dependency"": true, ""environment_dependency"": ""cloud_drive""}]",list[CloudDriveFile],read_only,low,unreviewed_suggestion
